1,Chariot,Sergeyevka,30978
2,Alexia,Santa Elena,45774
3,Sonnie,Zhouzai,35385
4,Johann,Liushi,23759
5,Hiram,Wonoharjo,38262
6,Whitney,Youssoufia,2188
7,Gerianne,Malaya Purga,19795
8,Kristyn,Novorossiysk,46779
9,Bethina,Talagasari,24568
10,Mill,Mondragon,38492
11,Cyrillus,Aourir,20784
12,Cullan,Sidenreng,36505
13,Zonda,Krajan Siki,42532
14,Mathias,Béziers,45337
15,Dorene,Zhonghualu,43660
16,Dill,Lengkongsari,41628
17,Patsy,Banān,25853
18,Reta,Niort,48149
19,Elaina,Strašice,31930
20,Dorothy,Tuanai,41457
21,Elvis,Valle de La Pascua,33701
22,Alice,Ovsyanka,45081
23,Wini,Saint-Pierre-Montlimart,48689
24,Skelly,Canguçu,19093
25,Marinna,Dingzhai,22247
26,Anna,Shumikha,14775
27,Lynett,Khodzha-Maston,41070
28,Lucius,Onsala,32463
29,Windy,Lâm Thao,48605
30,Douglass,Thorold,4628
31,Effie,Rūdiškės,10320
32,Cecilla,Pinyug,13466
33,Madelin,Kayl,29760
34,Bili,Arari,47373
35,Cody,Hrušovany u Brna,25951
36,Lisette,Simpanganduwet,36816
37,Ruth,Kabinda,2698
38,Rhodie,Tanzhou,20881
39,Crysta,Sabnova,37632
40,Jehu,Bořetice,20985
41,Morris,Santa Apolonia,44930
42,Hamid,Malakwal City,32696
43,Mollie,Gradishtë,39324
44,Lockwood,Conima,34677
45,Ethelin,Itapema,19889
46,Rosette,Yessentuki,2015
47,Lani,Além do Rio,2453
48,Philly,Ranua,17511
49,Elenore,Bogor,31375
50,Violetta,Chadiza,26589
51,Gregor,San Vicente Pacaya,2045
52,Halley,Oued Laou,38073
53,Annetta,Yangiobod,36188
54,Deloris,Gardutanjak,6440
55,Benoit,Nanzhao,25545
56,Nanette,Roissy Charles-de-Gaulle,35220
57,Euphemia,Pak Chom,10636
58,Donnie,Tacoma,30147
59,Janela,Traiguén,17577
60,Mordecai,Žleby,12125
61,Mona,Mancos,17826
62,Vikky,Boksitogorsk,33194
63,Carlotta,Lemahputih,31399
64,Bendicty,Pindorama,22401
65,Jandy,Na Chaluai,48783
66,Gertrude,Cicurug,18745
67,Penelopa,Abangay,41505
68,Ches,Ekou,21901
69,Jareb,Erdao,46805
70,Maynard,Mastaiciai,8543
71,Lorrie,Ipoti,20084
72,Frants,Ube,32888
73,Tonye,Pakong,44885
74,Bibbye,Bantiran,38671
75,Meggi,Sarzedo,30280
76,Barney,San Salvador,38392
77,Ortensia,Tuguan,1400
78,Josee,Chenfang,21749
79,Margarethe,Paraćin,39249
80,Zaccaria,Muleba,37187
81,Trueman,Mlangali,47629
82,Boniface,Kuz’minskiye Otverzhki,15585
83,Frans,Al Mālikīyah,25076
84,Xymenes,Karpogory,1944
85,Essa,Leiwang,29224
86,Cassondra,Oklahoma City,48089
87,Amber,Mariposa,44032
88,Averell,Whitehorse,36012
89,Raymond,Simimbaan,7496
90,Corilla,Paipa,18683
91,Emmanuel,Chuguyevka,22982
92,Philbert,Kalidawir,18098
93,Douglass,Potoru,8289
94,Brockie,Tigaon,35552
95,Wilhelmina,Qianjia,31279
96,Olivie,Oral,36275
97,Bobbette,Starokucherganovka,41192
98,Cris,Jiayuguan,31272
99,Holden,Dahua,24174
100,Filmer,Pantubig,4662
101,Dinah,Jiangkou,38745
102,Heall,Hongguang,35651
103,Enrika,Itararé,25791
104,Vlad,Lattes,40790
105,Bing,Canmang,49607
106,Ginni,Nowlamary,19150
107,Johan,Los Pinos,48840
108,Maitilde,Holma,38802
109,Alfredo,San Vicente Pacaya,13753
110,Rodge,Néa Éfesos,8107
111,Bobbette,Kuczbork-Osada,17679
112,Corty,Sułów,13856
113,Ozzy,Paragominas,21156
114,Hughie,Sandaowan,1240
115,Ciro,Courtaboeuf,5028
116,Allison,Liuhu,40427
117,Patrice,Cimonyong,3743
118,Alonso,Skrzyszów,14488
119,Reuben,Tabia,49904
120,Glynda,Salaza,19714
121,Benetta,Comrat,17993
122,Abbie,Cojata,20877
123,Broddie,Jacutinga,36761
124,Rayna,Wodzisław Śląski,25936
125,Alisander,Pucallpa,48070
126,Ruthi,Piteå,6973
127,Avictor,Kaca,49416
128,Jacqui,Arazane,48603
129,Ninette,Puning,7473
130,Christian,Piquete,28524
131,Inna,Yongchang,16754
132,Cam,Pomahan,29592
133,Jannelle,Zhen’an,4516
134,Vivienne,Lourdes,10675
135,Patrick,Sendafa,14417
136,Paolo,Kandana,29501
137,Lilyan,Avignon,21245
138,Evy,Morazán,30373
139,Jobina,Liushan,14558
140,Shayne,Opaka,15001
141,Lesley,Rumphi,8541
142,Binnie,Saint Joseph,34342
143,Gris,Taihe,38452
144,Lewie,Baratã,14720
145,Aimee,Ulaandel,9750
146,Hogan,Arlöv,41070
147,Norene,Scottsdale,27268
148,Agustin,Peace River,46561
149,Osborne,Vredendal,40693
150,Maurie,Itapetininga,37356
151,Maye,Žeravice,5540
152,Nesta,Beishan,38440
153,Ardeen,Cibolang,33263
154,Westbrook,Bodø,3744
155,Andrej,Bonoua,27293
156,Brodie,Kačanik,35190
157,Kati,Yangwei,27636
158,Wayland,Sīnah,38826
159,Joell,Mehtar Lām,15402
160,Deb,Kaduseeng,37544
161,Michell,Apiaí,25598
162,Darya,Seremban,43205
163,Lainey,Oslo,44439
164,Terencio,Pavlohrad,25832
165,Rubina,Yablochnyy,17716
166,Gertrud,Drybin,10240
167,Hoebart,Majagual,18660
168,Hatti,Hagi,8041
169,Darcy,San Nicolas,29558
170,Sam,Laspezia,12206
171,Eustace,Caxarias,32930
172,Phillipp,Suqin Huimin,30738
173,Raine,Yarmolyntsi,8642
174,Frederica,Hovězí,11370
175,Wendy,Gołkowice,34222
176,Vonny,Provins,12189
177,Darsey,Nyköping,44766
178,Tab,Cúcuta,32510
179,Roanne,Sandefjord,23096
180,Kailey,Gorē,13604
181,Violante,Horton,20026
182,Colby,Huilelot,22055
183,Booth,Wakefield,10390
184,Rolph,Gangsha,8890
185,Lillian,Xing’an,37510
186,Lida,Kutasari,2366
187,Nananne,Leonídio,16722
188,Brittney,Yessentuki,2059
189,Prisca,Changhua,38670
190,Jolene,Al Jumūm,21620
191,Hashim,Wang Nam Yen,48581
192,Shay,Norsborg,36115
193,Silva,Sathon,11033
194,Marlene,Tatou,13546
195,Verine,Lewokluok,20029
196,Bastien,Jindong,47436
197,Tatiania,Shijing,32618
198,Torrence,Paris 04,32000
199,Abner,Anwen,31346
200,Colet,Benito Juarez,13086
201,Lexi,Alvalade,27428
202,Obadiah,Dahuangwei,28967
203,Sada,Sviblovo,44450
204,Stefano,Florianópolis,8040
205,Rodd,Figueiró dos Vinhos,34871
206,Tobe,Pajarillo,34380
207,Ricardo,Shuishi,34902
208,Wandis,Qorovulbozor,21400
209,Agosto,Labège,5700
210,Suzie,Krajan Dua Sumbersari,45643
211,Midge,Salmi,5595
212,Sarina,Lingqiao,27037
213,Andie,Dizangué,35254
214,Carce,Erdaobaihe,28652
215,Cullie,Aramayuan,27942
216,Kevon,Komorní Lhotka,36006
217,Eldin,Aleksandrovsk-Sakhalinskiy,15194
218,Kirby,Nicosia,41996
219,Tann,Pertunmaa,17762
220,Jo-ann,Guazacapán,41952
221,Olivero,Sagua la Grande,42465
222,Neall,Zaliznychne,35282
223,Pepito,Kolobolon,37691
224,Kendal,Abomsa,8344
225,Crawford,Brejo da Madre de Deus,34939
226,Kimmy,Burnham,1008
227,Lise,Saint-Brieuc,40154
228,Iver,Hengfeng,40838
229,Rosina,Neglasari,14238
230,Cariotta,Yŏnggwang-ŭp,19621
231,Gran,Minnedosa,20639
232,Brannon,Mizhhir’ya,43240
233,Hershel,Mumias,5573
234,Mechelle,Oslo,10507
235,Bathsheba,Erdaocha,5710
236,Oralle,Vila Boa do Bispo,10100
237,Abner,Árgos,21698
238,Honey,Nagaracinta,10737
239,Allina,Muang Sing,42849
240,Klaus,Borlänge,2170
241,Galvan,Arsenal,29807
242,Nevsa,Carrasqueira,34444
243,Elizabet,Xinning,44369
244,Ailbert,Lokoja,16602
245,Isidor,Dongkengkou,32534
246,Bram,Ochla,44713
247,Wendel,Caculé,4608
248,Lynnette,Aḑ Ḑil‘,22758
249,Merrel,Arísvi,8829
250,Stormi,Bykhaw,24031
251,Basil,Bulubrangsi,40617
252,Pembroke,Independencia,24874
253,Marjie,Haparanda,4126
254,Ibby,Sveg,31785
255,Hayes,Mertert,41754
256,Benedict,Kushnytsya,49225
257,Vaughn,Jishui,34794
258,Dorie,"Palmas De Gran Canaria, Las",26110
259,Darill,Alzamay,12907
260,Caldwell,‘Amrān,24754
261,Donella,Huanggangshan,5631
262,Briana,Colonias Unidas,7464
263,Shannon,Shashi,44639
264,Ezekiel,Tiang,12360
265,Rozanna,Yermish’,7513
266,Hamish,Lapuyan,19261
267,Hulda,Karlskrona,37970
268,Cymbre,Baabda,9827
269,Nissie,Roshnik,47659
270,Carver,Cambas,9665
271,Courtenay,Takeo,15931
272,Onfre,Dongcun,23857
273,Shelby,Dagupan,40237
274,Freddi,Non Sung,20320
275,Nan,Jales,18295
276,Cheri,Baisha,28934
277,Arielle,Mielec,1560
278,Dannye,Baihua,13279
279,Stacee,San Francisco,45884
280,Brooks,Ban Haet,40409
281,Bea,Qimeng,14139
282,Fey,Lido,10567
283,Harli,Kulase,49897
284,Konrad,Danbury,11053
285,Nero,Roissy Charles-de-Gaulle,7363
286,Chaim,Sukomulyo,23022
287,Erie,Catungawan Sur,11181
288,Tammy,Trondheim,41693
289,Patrick,Meiyao,8674
290,Chelsy,Głogówek,29013
291,Ellette,Maiwang,37775
292,Bride,Hujiaying,30926
293,Lisabeth,Tracal,19061
294,Mandel,Gelap,44882
295,Marion,Linchen,27106
296,Benyamin,Torre,36831
297,Ronna,Jinzao,2467
298,Rainer,Springfield,45560
299,Guglielmo,Huntsville,30069
300,Ruth,Butha-Buthe,28088
301,Kalie,Daping,2980
302,Arlana,Maticmatic,9026
303,Quill,San Antonio,6706
304,Janifer,San Francisco,48174
305,Dorelia,Nizhnyaya Maktama,29923
306,Melba,Ejido,38499
307,Cindra,Koua,27747
308,Antonio,Tanuma,44572
309,Austin,Smoky Lake,21635
310,Fredi,Boavista,16278
311,Flossie,Tommot,14360
312,Karlene,Ankou,28018
313,Suzanna,Fort McMurray,7196
314,Ladonna,Chacarita,6138
315,Daisie,Staraya Stanitsa,10032
316,Erasmus,Qukuhu,49831
317,Bobina,Chishui,38778
318,Laraine,Hanshou,11505
319,Jule,Kakaek,45515
320,Shandeigh,Suvorovskaya,15760
321,Anna-diane,Montreuil,21196
322,Lyndel,Qozonketkan,14472
323,Clemmie,Dongping,43123
324,Gayler,Horta,24249
325,Nita,Verkhnyaya Tura,22252
326,Xenos,Alegria,23798
327,Codi,Borda da Mata,10429
328,Miriam,Salamá,38889
329,Lorrin,Jiaotang,16964
330,Eb,Montélimar,16669
331,Marchelle,Kekeran,3511
332,Alanna,Krajan Sale,16030
333,Elroy,Jiaozhou,5462
334,Caleb,Camden,1032
335,Inglebert,Boston,5585
336,Dag,Yuzawa,17490
337,Nico,Ad Dujayl,19680
338,Dion,Mieścisko,38501
339,Ly,Yunga,2393
340,Clarita,Doujia,38645
341,Jaime,Kalandagan,16085
342,Vassily,Vogar,26555
343,Blondell,Mizhhir’ya,42412
344,Florie,Thị Trấn Thọ Xuân,36581
345,Charla,Lafia,14398
346,Roanna,Morelos,15953
347,Emmey,Yaozhanzi,15950
348,Monica,Caicun,2826
349,Darcey,South Tangerang,22036
350,Winne,Santo Anastácio,17080
351,Issiah,Al Qarārah,9950
352,Alys,Mabini,17492
353,Merralee,Akunk’,16046
354,Rollie,Rongelap,10727
355,Bessy,Yangxiang,16140
356,Minerva,Indaial,32051
357,Garik,Xuedian,25553
358,Alexandre,Banjar Kubu,43327
359,Neville,Osasco,36678
360,Upton,Arbuzynka,25887
361,Rowena,Uglovoye,8775
362,Ellen,Jardín América,44703
363,Goraud,Inawashiro,33663
364,Benny,Jingdezhen,40219
365,Mechelle,Timiryazevskiy,41111
366,Xerxes,Plagiári,38726
367,Maible,Taizi,30597
368,Jens,Probolinggo,8607
369,Case,Horizonte,13617
370,Merrilee,Cholpon-Ata,13410
371,Stanton,Bosen,11015
372,Carmon,Janūb as Surrah,43257
373,Patrice,Ronneby,26815
374,Bartel,Washington,17080
375,Jaymee,Asaita,24200
376,Abbie,Gujō,8828
377,Darrel,Nikhom Phattana,2313
378,Miquela,Macklin,44899
379,Rebbecca,Funga,20840
380,Giustino,Kuala Bhee,19841
381,Andre,Botoh,40515
382,Marcelia,La Estancia,22597
383,Christoph,Huicungo,7872
384,Felipa,Abilay,15316
385,Elden,Arcos,47114
386,Randolf,Aco,9865
387,Killie,Orlando,36096
388,Gallagher,Pithoro,2566
389,Wallace,Las Vegas,1502
390,Alta,Miguelópolis,32065
391,Nowell,Karanggeneng,40791
392,Armstrong,Chengdong,40014
393,Rodina,Juupajoki,5343
394,Cullie,Danderyd,36653
395,Jermaine,Enskede,24430
396,Paulie,Quelimane,27819
397,Mae,Hultsfred,18149
398,Catarina,Tomas,48941
399,Albrecht,Guangning,5924
400,Ashlie,Bulu,13394
401,Christian,Kochenëvo,9683
402,Pablo,Payaman,35349
403,Noak,Samsan,35693
404,Dione,Francisco I Madero,30124
405,Abbie,Dublin,14976
406,Caroljean,Madur,38640
407,Howard,Przybyszówka,1414
408,Stanton,Salta,39029
409,Mella,Nizhniy Novgorod,22654
410,Martita,Bangunsari,47268
411,Tersina,Farah,46240
412,Jenica,Kuče,34785
413,Lou,Osh,21438
414,Allene,Jablanovec,12213
415,Elyse,Fenyan,33416
416,Dorisa,Salcedo,41322
417,Jarid,Lipinki Łużyckie,46690
418,Gwen,Den Chai,12576
419,Doti,Pajannangger,2321
420,Franni,Beskolen,37610
421,Ruth,Milwaukee,34094
422,Maury,Krzeszów,22860
423,Maren,Borogontsy,39308
424,Hughie,Staryy Togul,28019
425,Howard,Ariquemes,43689
426,Danny,Paccha,42214
427,Jennilee,Yuhang,16328
428,Merrill,Nis’oni,47226
429,Huntlee,Chegdomyn,3576
430,Cher,Pandan,2450
431,Dorisa,Umeå,24107
432,Edna,Orlovskiy,26845
433,Karel,Sebegen,43737
434,Tabbitha,Amboise,48062
435,Wolfie,San Juan de Dios,12749
436,Roman,Zaleszany,21223
437,Marylee,Moyo,27706
438,Bastian,Nîmes,45310
439,Elyse,Örnsköldsvik,11047
440,Ivette,Gatak,16779
441,Brantley,Raphoe,20424
442,Alexandr,Sukth,40684
443,Flori,Al Qardāḩah,35658
444,Stillmann,Ekimchan,5186
445,Ogdon,Banjar Bongangede,46811
446,Honoria,Al Ma‘allā’,6426
447,Hastings,Yuantan,25173
448,Tades,Chimichagua,2428
449,Flss,Looc,35681
450,Terrye,Santa Bárbara,26275
451,Rickert,Ivanec,3302
452,Lexi,Borovichi,44682
453,Rickard,Biscoitos,15940
454,Barnett,Effium,41978
455,Janette,Jinjiang,32207
456,Hernando,Guozhuang,34624
457,Sarge,Jīt,41107
458,Dev,Richmond,12727
459,Flossie,Stockholm,5127
460,Abdel,Dongtucheng,21706
461,Iain,Lysekil,43835
462,Winnah,Grigoropolisskaya,12590
463,Wylie,Tsotsin-Yurt,35594
464,Gannie,Xiangshan,21143
465,Suzette,Dedenëvo,44063
466,Der,Fujieda,15802
467,Maison,Sila Lat,19226
468,Mychal,Luyang,26911
469,Dave,Santa Rosa del Sara,25016
470,Derry,Harjamukti,40434
471,Lu,Hujirt,31393
472,Austen,Gramoteino,22419
473,Arabele,Arani,15090
474,Bonita,Arkhaía Kórinthos,37536
475,Tedra,Santi Suk,23881
476,Jayne,Dzików Stary,33923
477,Nels,Injīl,30048
478,Suzanna,Jaguariaíva,13320
479,Trey,Poponcol,2658
480,Curran,Nova Viçosa,13904
481,Miran,Pangradin Satu,8173
482,Sherwynd,Maştağa,39293
483,Rriocard,Mozdok,4533
484,Peter,Coromandel,6034
485,Herbie,Pemzashen,37259
486,Roanne,Amfíkleia,46407
487,Idalia,Dahua,13506
488,Markos,Oyabe,23408
489,Stephannie,Awsīm,29992
490,Titus,Charlottesville,22097
491,Joel,Pasar,4694
492,Adair,Ngkiong,46150
493,Bearnard,Baleal,26047
494,Johnathan,Puerto Montt,22591
495,Molly,Mouzourás,11892
496,Inglebert,Wan’an,18837
497,Hilario,Kanuma,47005
498,Claus,Summerside,12199
499,Durant,Sumberingin Kulon,44972
500,Marcelle,Musanze,34061
501,Cindie,Altanbulag,42100
502,Amble,Empangeni,30125
503,Weylin,Shangmofang,38690
504,Cecelia,Sanmiaoqian,9033
505,Dori,Wieniawa,14776
506,Coreen,Koceljeva,18177
507,Agna,Bokor,29185
508,Piotr,Mamanguape,17951
509,Letitia,Balboa,31271
510,Phyllida,Cha-am,26049
511,Callida,Shuikou,11518
512,Leora,Luče,5688
513,Gavrielle,Vera Cruz,46943
514,Bar,Dateng,40699
515,Darryl,Imotski,27888
516,Barbee,Merrifield,42618
517,Mellicent,Aguiar da Beira,14881
518,Lyndell,Chatturat,27371
519,Lenci,Zhuge,19335
520,Linet,Songdong,31282
521,Cissiee,Jataí,23449
522,Sibyl,Nampicuan,1507
523,Normy,Santa Cruz de Guacas,41615
524,Philippa,Kakata,24686
525,Torrin,Bagong Barrio,40487
526,Brucie,Nangaroro,24270
527,Thacher,Tawan tawan,5725
528,Valenka,Zhijin,8145
529,Corey,Taoyuan,15950
530,Corbie,Zhentou,42300
531,Correy,Sande São Lourenço,27445
532,Cynthea,Voždovac,14043
533,Rachele,Farkhor,37122
534,Angie,Old Harbour Bay,11555
535,Malissa,Ticaco,40434
536,Asher,Xujiafang,38419
537,Arri,Paris 19,44648
538,Hastie,Laau,20069
539,Kaye,Salantai,24846
540,Kelwin,Novovorontsovka,32020
541,Guglielma,Seremban,46576
542,Sayre,Säffle,11462
543,Tilly,Balykchy,32201
544,Dre,Sainte-Adèle,26658
545,Tatum,Newlands,40037
546,Peter,Xihu,3902
547,Marthena,Idvor,43817
548,Perice,Werbkowice,47076
549,Noby,La Huerta,45145
550,Lorette,Enonkoski,2092
551,Loren,San Andrés,25836
552,Hercules,Nueva Helvecia,46381
553,Lodovico,Gaogu,35012
554,Jobyna,Ak’ordat,46406
555,Quentin,Raposos,8970
556,Rochella,Weishanzhuang,37035
557,Minni,Sobradinho,20988
558,Bren,Kongoussi,42437
559,Demetris,Banjar Batanpoh,12936
560,Barri,Nantes,7833
561,Merrile,Ponoka,28221
562,Durward,Colón,8758
563,Queenie,Nhà Bè,48055
564,Mathias,Kampungtengah,19175
565,Ceciley,Krajan Nglinggis,10773
566,Merissa,Novoalekseyevskaya,25832
567,Freda,Ujmisht,24724
568,Malanie,Chelbasskaya,47561
569,Alley,Mérignac,13813
570,Pearle,Garden Grove,32346
571,Logan,Gambaru,22657
572,Deck,Bonao,12858
573,Tildie,Shengci,2141
574,Griff,Hujirt,34309
575,Bobbette,Krajan Caluk,7737
576,Marcelline,Bududa,38635
577,Simeon,Kíti,48389
578,Felicia,Pirapora do Bom Jesus,9189
579,Yvonne,Talca,6055
580,Tandy,Aiquile,46961
581,Stormy,Ar Ramthā,44000
582,Tallia,Bīleh Savār,19042
583,Benito,Zhongfan,24862
584,Norine,Nūrābād,10580
585,Mariellen,Ampera,4095
586,Cecelia,Kandang Timur,19458
587,Nedda,Mīrpur Māthelo,34440
588,Hersh,Mashan,36750
589,Weylin,Sarirejo Satu,24094
590,Towney,Komoro,37794
591,Ninnette,Iowa City,46572
592,Carlos,Hroznětín,18256
593,Jeanine,Sidaharja,38275
594,Cecile,San Pedro Pinula,8558
595,Goober,Hengqu,1393
596,Walden,Mikstat,21223
597,Alon,Deskle,38345
598,Alie,Dmanisi,24836
599,Anthia,Ciudad Bolívar,42432
600,Berty,Buenavista,11166
601,Burty,Sicamous,18263
602,Tanney,Bosobolo,22041
603,Margaretha,Jelbuk,7783
604,Cheri,Valledupar,17733
605,Marijo,Nishio,45241
606,Derick,Cibiru,20871
607,Cullan,Mineralni Bani,40696
608,Chaddy,Cortez,2057
609,Gaby,Roi Et,2382
610,Devlin,Jardinópolis,6159
611,Sam,Aplahoué,15522
612,Garald,Chitré,24175
613,Alvan,Quỳnh Côi,41259
614,Margaux,Pakisaji,5417
615,Berkly,Megulung,29440
616,Arleyne,Macapá,44583
617,Luci,Xunqiao,49251
618,Willi,Thanh Xuân,24572
619,Filippo,Oslo,15205
620,Cal,Paraguarí,5270
621,Jaclyn,Beidou,49193
622,Dodie,Molsheim,12280
623,Quinlan,London,11537
624,Darryl,Delta del Tigre,3335
625,Sanderson,Iberia,49388
626,Peter,Loei,32198
627,Anson,Mujur,8765
628,Paulette,Magallon Cadre,11598
629,Farr,Budapest,41234
630,Pascal,Trompsburg,9796
631,Milicent,Motygino,46697
632,Millard,Kampong Speu,26552
633,Sigfrid,Loudun,13262
634,Addie,Kotovs’k,5081
635,Olivia,Jinshanpu,34162
636,Fanchon,Arue,39247
637,Patricio,Kil’mez’,20767
638,Orsola,Iwonicz-Zdrój,5151
639,Wilhelmine,Reno,7280
640,Myrwyn,Los Angeles,17096
641,Elizabeth,Pangawaren,2274
642,Petronille,Rozhdestveno,42550
643,Whittaker,Kowo,17104
644,Ellen,Bantarjati,39975
645,Jessey,Profítis Ilías,42200
646,Georgianne,Banaran,46617
647,Adelaide,Ciudad Arce,32500
648,Nissy,Pego Longo,38874
649,Ian,Kīsh,2424
650,Richmond,Qianxu Zhen,27531
651,Cris,Huntington,46127
652,Tracey,Tqibuli,14361
653,Francis,Kołczygłowy,39472
654,Cristin,Monkey Hill,5930
655,Lynna,Guayabal,19420
656,Desmund,San Borja,17997
657,Rockwell,Karangasem,31905
658,Oralie,Xiaruyue,36796
659,Orel,Dougou,27788
660,Ameline,Paris 11,40783
661,Carline,Okahandja,24941
662,Christoforo,Mirovka,1241
663,Gennifer,Dalu,1202
664,Iris,Baranovichi,14835
665,Aldo,Farroupilha,33032
666,Shadow,Zitong,10542
667,Thorin,Phonphisai,2279
668,Bethany,Liqiao,19162
669,Frederich,Jintun,45306
670,Dorian,Heping,41141
671,Mart,Sypniewo,19904
672,Ham,Tangxi,23884
673,Haywood,Lelkowo,41458
674,Marin,Dowsk,19076
675,Waylin,Rio Grande da Serra,34060
676,Gerhard,Belalcazar,10535
677,Anitra,Dajalorong,39707
678,Aylmer,Gaozhou,26915
679,Hagan,Bao’an,45423
680,Derrik,Beit Jann,3999
681,Malena,Mora,23389
682,Euphemia,Jessore,35943
683,Gabby,Greenville,11707
684,Sumner,Kalino,43208
685,Flem,Port Nolloth,14676
686,Paige,Siak Sri Indrapura,44043
687,Norrie,Orodara,8237
688,Courtney,Ålesund,42378
689,Tripp,Wang Yang,44933
690,Dorolisa,Bundoran,47329
691,Veronike,Kroonstad,13616
692,Audrye,Xiashixiang,15082
693,Katerina,Stockholm,28696
694,Rozanne,Burujul,3816
695,Dulcie,Sidomulyo,6991
696,Cloris,Yōkaichiba,30480
697,Adolf,Berbérati,11823
698,Terrye,München,2507
699,Shelagh,Guangsheng,14069
700,Adaline,Cancas,44232
701,Bernette,Kolyubakino,36145
702,Robbie,Kajiki,17880
703,Zandra,Phitsanulok,46276
704,Ginnifer,Verkhniy Lomov,23247
705,Isabel,Baima,20886
706,Jessamyn,Anmore,18496
707,Sherie,Entre Rios,26631
708,Mendie,Gali,33527
709,Penny,Tongshanxiang,25579
710,Vita,Santo Antônio do Amparo,12029
711,Missie,Xindian,38905
712,Gwendolen,Taiping,29851
713,Con,Degeberga,33721
714,Mickie,Nandaime,48022
715,Sherrie,Banjar Laing,4227
716,Glenna,Drammen,7414
717,Jerrilyn,Quiches,20726
718,Sterne,Neglasari,14794
719,Raf,Ath,15427
720,Arielle,Maisí,18879
721,Vivi,Sanjia,13127
722,Susann,Ponce,16867
723,Zared,Gabasumdo,31407
724,Johnath,Bailianhe,11683
725,Claus,Osięciny,4123
726,Spencer,Hannover,44205
727,Towny,Jidd Ḩafş,17393
728,Pierette,Błędów,17600
729,Trixy,Shentang,41635
730,Siffre,Ob’,5116
731,Joya,Hankha,10895
732,Faythe,Vinica,42377
733,Ailis,Huanghe,31459
734,Ewell,Beslan,20549
735,Andy,Banjarmasin,25770
736,Carlyn,Pa Bon,23014
737,Cullen,Calilegua,1577
738,Issi,Chechenglu,22219
739,Taddeo,Sebba,20535
740,Rawley,Santa Ana,15519
741,Roland,Kożuchów,24209
742,Kimmy,Västerås,25872
743,Carolina,Vellinge,26970
744,Yardley,Lolotique,14117
745,Kele,Querocotillo,27518
746,Meier,Rifu,24939
747,Norine,Macabugos,23832
748,Davis,Guadalupe,13574
749,Jeffy,Skhodnya,34510
750,Luci,Zhishan,33702
751,Sheree,Jeminay,48107
752,Rozamond,Châteauroux,32779
753,Gibb,Alençon,19174
754,Beatrisa,Saint Pierre,23837
755,Goldy,Paungde,48676
756,Marlie,Al Mazra‘ah ash Sharqīyah,33302
757,Winston,Siparia,34781
758,Sheila-kathryn,Dul’durga,40157
759,Olivie,Bouabout,24660
760,Dominik,Belmopan,8202
761,Bev,Bilozerka,16308
762,Reinald,Liushun,1788
763,Wallas,Bocowanti,17956
764,Mitchell,Banjar Madangan Kaja,21659
765,Jenny,Itapeva,23436
766,Jenn,Gvozd,33274
767,Ari,Orléans,49301
768,Sunny,Putatbasiun,49043
769,Stephen,Jijiang,6895
770,Max,Maxu,19824
771,Justen,Shazikou,49502
772,Inness,Wartburg,47764
773,Rivi,Georgīevka,36983
774,Rois,Chamlykskaya,26809
775,Monique,Perpignan,44977
776,Corny,Careva Ćuprija,31234
777,Virgie,Marintoc,4901
778,Vanda,Kramat,9726
779,Angela,Vetluzhskiy,28803
780,Minnnie,Jinhu,27859
781,Court,Łodygowice,34969
782,Valaria,Gjirokastër,10012
783,Shurwood,Pembroke,9763
784,Shamus,Jianshan,2421
785,Ryann,Omīdcheh,38192
786,Salvatore,Mulyorejo,5059
787,Elvina,Somdet,17569
788,Tabitha,Chiguayante,46858
789,Cicely,Pizhanka,10779
790,Hoyt,Zeya,45468
791,Lorant,Shencun,22474
792,Harv,Kalunan,28074
793,Walliw,Bulakbanjar,12585
794,Devon,Sigu,32201
795,Maureene,Kohāt,28376
796,Darya,Rasshevatskaya,6883
797,Phyllida,Akriní,27410
798,Wolfgang,Dengfang,46715
799,Antonietta,Itsandra,41445
800,Peirce,Ivot,9633
801,Jacenta,Semey,40651
802,Beltran,Evinayong,5354
803,Roi,Yangcun,39932
804,Sallyann,Wonokromo,7649
805,Dorice,Aracruz,4479
806,Edlin,Onega,36887
807,Aigneis,Xiali,5885
808,Scottie,San Felipe,8115
809,Isabelle,Kazo,48075
810,Queenie,Odzi,30612
811,Orbadiah,Dodol,36351
812,Shadow,Paihia,35454
813,Isidore,Nevinnomyssk,45282
814,Damita,Tangwei,42733
815,Garth,Santa Cruz,42645
816,George,Shuihu,5610
817,Caitrin,La Sarre,47094
818,Ozzy,Racine,5214
819,Garrard,Bochum,6433
820,Ole,Immātīn,42722
821,Arlette,Cisownica,13933
822,Katheryn,Gaogu,16945
823,Amargo,Bayabas,44832
824,Bliss,Bizhbulyak,3145
825,Deanna,Gevgelija,3593
826,Angy,Birmingham,16384
827,Valaree,Ketanggungan,40082
828,Ofelia,Nara-shi,8685
829,Carley,Novalja,3982
830,Mattias,Lena,17712
831,Julie,Rotterdam postbusnummers,14189
832,Blithe,Mandala,41452
833,Donal,Heting,26728
834,Justinn,Lishu,30197
835,Rosco,Shumikha,19550
836,Saraann,Belén de los Andaquíes,47438
837,Rollo,Taotang,22203
838,Amby,Dawwār Tīnjah,28953
839,Kessia,Béré,6347
840,Tom,Maple Ridge,49285
841,Othello,Krasnorechenskiy,24797
842,Shel,Kriel,14514
843,Beck,Holoriang,18726
844,Rikki,Kandana,41087
845,Coleen,Torkanivka,31854
846,Hammad,Eauripik,3101
847,Reid,Toba,44055
848,Sylvester,Tomdibuloq,10680
849,Pincas,Yinjiaxi,27538
850,Kain,Le Mans,21055
851,Diane,Xiaoxi,17593
852,Ema,Xylaganí,24425
853,Derron,Itapira,28260
854,Bard,Kuala Baru,40476
855,Hendrik,Wilamowice,45728
856,Perry,Shumerlya,30847
857,Edik,Sikeshu,42719
858,Bryanty,Зуунмод,47027
859,Gayler,Vaitape,48111
860,Meris,Ush-Tyube,19896
861,Gaby,Nova Olímpia,2809
862,Connie,Tambalisa,22804
863,Weber,Nowe,31362
864,Barby,Villa del Carmen,37616
865,Rennie,Baitu,12508
866,Cecily,Magallanes,17030
867,Lila,Xingfu,18911
868,Talbert,Bielawa,29902
869,Heddie,Elvas,26545
870,Celestina,Fichē,37517
871,Freddie,Yuanshanzi,41349
872,Hubey,Carlsbad,20620
873,Roslyn,Huanshan,1477
874,Juli,Rungis,17280
875,Nikolai,Lamu,2395
876,Ranice,Xingfu,5397
877,Elnar,Neietsu,22585
878,Aristotle,San Juan,23678
879,Stephannie,Stockholm,47526
880,Rici,Strömsund,30016
881,Erin,Am Djarass,10669
882,Gianna,Debrecen,18134
883,Tiebout,Liandu,20076
884,Rriocard,Panaitólion,33532
885,Alisander,Milevsko,39245
886,Holmes,Stockholm,26156
887,Alisander,Changbai,1106
888,Sissy,Gorgān,42352
889,Adolph,Tianjiaba,26080
890,Charita,Snegiri,38348
891,Ninnetta,Sauce,17492
892,Barclay,Gobabis,5418
893,Allistir,Weetombo,16578
894,Shelby,La Garde,24128
895,Massimiliano,Skelivka,24140
896,Kath,Butha-Buthe,14838
897,Jen,Māwiyah,36767
898,Aldric,Oakland,35577
899,Merry,Longyearbyen,30963
900,Ferrell,Maikun,40258
901,Pen,Lokea,35444
902,Gwendolyn,Kashira,28716
903,Darcee,Weitang,46743
904,Cahra,Malaga,35793
905,Gregg,Qishn,40718
906,Reilly,Prakhon Chai,40700
907,Lee,Addis Ababa,3331
908,Del,Huskvarna,23600
909,Geraldine,Wates,22756
910,Barclay,Tashtagol,49020
911,Christiane,Alabat,20753
912,Winona,Palmeira,23539
913,Gilemette,Tamahú,46679
914,Welsh,Marapanim,3540
915,Sandra,Santa Maria,18024
916,Karna,Sekongkang Bawah,36879
917,Correna,Pallisa,47595
918,Clevie,Sacramento,35126
919,Gladi,Douane,21024
920,Belvia,Petung,34196
921,Clementius,Rudniki,25390
922,Estelle,Radvanice,24696
923,Leslie,Pagersari,29189
924,Daryn,Buutuo,33005
925,Ariella,Ambovombe,6983
926,Cirilo,Yulin,34215
927,Dalia,Issoudun,47826
928,Fredrika,Koramlik,1570
929,Bobine,Butha-Buthe,27721
930,Alexandra,San Carlos,36767
931,Roarke,Yuncheng,28196
932,Nanine,Tõrva,2221
933,Yvon,Algoz,33978
934,Andee,Malunda,41504
935,Wadsworth,Richmond,7565
936,Emmott,Gaborone,30725
937,Nevin,Mariscala,34942
938,Jen,Karangnunggal,35541
939,Brittne,Citeureup,34507
940,Godwin,Jinli,2047
941,Lexie,Petushki,26228
942,Johnathon,Gabi,10737
943,Kyle,Qiashui,3990
944,Candis,Taiping,40723
945,Anneliese,Setun’,3266
946,Matilde,Cardona,43950
947,Edan,Bayshint,33361
948,Val,Oslo,49158
949,Ky,Lere,19457
950,Cleveland,Bacungan,16594
951,Carola,Jiangbu,44607
952,Gilda,Saint-Gaudens,38462
953,Shirline,Miaoquan,28107
954,Dwayne,Cuiabá,23314
955,Bili,Kaducondong,23314
956,Quintina,Póvoa,1131
957,Luce,Rzhavki,16159
958,Odille,Yigo Village,18571
959,Nata,Desnogorsk,49296
960,Kriste,Svislach,30552
961,Alec,Haibeitou,18504
962,Nerissa,Diavatós,40952
963,Micki,Kuching,18889
964,Korie,Majzar,6359
965,Delbert,Dianqian,14816
966,Winn,Hekou,15794
967,Audra,Tbilisskaya,9104
968,Luz,Lopar,15399
969,Ado,Kamiennik,44041
970,Myra,Jialu,46979
971,Vidovik,Quebrada Larga,9349
972,Kimmi,Gelan,37525
973,Ulrike,Hecun,1372
974,Yehudi,Shiguai,33687
975,Borg,Angoulême,35468
976,Jobina,Valbonë,32562
977,Maury,Nanjie,34811
978,Lindsy,Jiakexi,14224
979,Gerti,Abu Dhabi,6377
980,Danell,Zarichchya,38638
981,Tedda,Sison,38621
982,Saunders,Daveluyville,1348
983,Aindrea,Mzimba,45168
984,Sandro,Nowlamary,29589
985,Delmore,San Benito,22608
986,Kynthia,El Paso,37085
987,Constancy,Świnna,45519
988,Cleve,Weihai,49153
989,Maisie,Sidrolândia,25108
990,Bertine,San Miguel del Padrón,11871
991,Josie,Khōst,24692
992,Sapphire,Nybro,22893
993,Jeralee,Sena Madureira,31618
994,Roz,Blagoevgrad,45706
995,Carissa,Dachun,36874
996,Bobbette,Mor Laok,25776
997,Eran,Cherëmushki,2118
998,Carly,Khonj,30911
999,Jorrie,Yancheng,38432
1000,Fonzie,Yangzhen,42093
